"id","name",,"project_categ_id","description","start_period_id","end_period_id"
"Project_1","Special Area Schools",,"Schools and Dormitories",,"01/2017","12/2017"
"Project_2","Ah Yone Oo",,"Schools and Dormitories",,"01/2017","12/2017"
"Project_3","Ah Yone Thit",,"Schools and Dormitories",,"01/2017","12/2017"
"Project_4","Paramii",,"Schools and Dormitories",,"01/2017","12/2017"
"Project_5","New Day",,"Schools and Dormitories",,"01/2017","12/2017"
"Project_6","Pa Yaw Daw",,"Schools and Dormitories",,"01/2017","12/2017"
"Project_7","KM 42",,"Schools and Dormitories",,"01/2017","12/2017"
"Project_8","Shikho Thai",,"Schools and Dormitories",,"01/2017","12/2017"
"Project_9","Hope",,"Schools and Dormitories",,"01/2017","12/2017"
"Project_10","Irrawaddy Flower Garden",,"Schools and Dormitories",,"01/2017","12/2017"
"Project_11","Morning Glory",,"Schools and Dormitories",,"01/2017","12/2017"
"Project_12","New Road",,"Schools and Dormitories",,"01/2017","12/2017"
"Project_13","Sauch Kha Hong Sar",,"Schools and Dormitories",,"01/2017","12/2017"
"Project_14","Chicken School",,"Schools and Dormitories",,"01/2017","12/2017"
"Project_15","New Society",,"Schools and Dormitories",,"01/2017","12/2017"
"Project_16","Home",,"Schools and Dormitories",,"01/2017","12/2017"
"Project_17","New Blood",,"Schools and Dormitories",,"01/2017","12/2017"
"Project_18","Ah Yone Thit Dorm",,"Schools and Dormitories",,"01/2017","12/2017"
"Project_19","Pa Yaw Daw Dorm",,"Schools and Dormitories",,"01/2017","12/2017"
"Project_20","KM 42 Dorm",,"Schools and Dormitories",,"01/2017","12/2017"
"Project_21","Paramii Dorm",,"Schools and Dormitories",,"01/2017","12/2017"
"Project_22","Mae La Dorm",,"Schools and Dormitories",,"01/2017","12/2017"
"Project_23","AE-NFPE Training & Exam",,"Education and Training",,"01/2017","12/2017"
"Project_24","AE-MaeSot - Mywwaddy NFPE",,"Education and Training",,"01/2017","12/2017"
"Project_25","AE-Bridge to Education",,"Education and Training",,"01/2017","12/2017"
"Project_26","AE-ICT for Flexible Learning",,"Education and Training",,"01/2017","12/2017"
"Project_27","Training",,"Education and Training",,"01/2017","12/2017"
"Project_28","Quality Improvement",,"Education and Training",,"01/2017","12/2017"
"Project_29","Building / Construction",,"Education and Training",,"01/2017","12/2017"
"Project_30","Project Management",,"Education and Training",,"01/2017","12/2017"
"Project_31","Education Project assistant (Salary)",,"Education and Training",,"01/2017","12/2017"
"Project_32","ROY-TH - Activities",,"Rays of Youth",,"01/2017","12/2017"
"Project_33","ROY-TH - Music Project",,"Rays of Youth",,"01/2017","12/2017"
"Project_34","ROY-Cross Border - Activities ",,"Rays of Youth",,"01/2017","12/2017"
"Project_35","ROY-Cross Border - Office Operation",,"Rays of Youth",,"01/2017","12/2017"
"Project_36","Project Management",,"Rays of Youth",,"01/2017","12/2017"
"Project_37","Staff Salary",,"Rays of Youth",,"01/2017","12/2017"
"Project_38","Training - Activity",,"Child Protection",,"01/2017","12/2017"
"Project_39","Networking",,"Child Protection",,"01/2017","12/2017"
"Project_40","Project Management",,"Child Protection",,"01/2017","12/2017"
"Project_41","Food for Dormitory and Activities",,"Food & Agriculture Programme",,"01/2017","12/2017"
"Project_42","Agriculture",,"Food & Agriculture Programme",,"01/2017","12/2017"
"Project_43","Food Emergency",,"Food & Agriculture Programme",,"01/2017","12/2017"
"Project_44","Project Management",,"Food & Agriculture Programme",,"01/2017","12/2017"
"Project_45","Mother & Child Health",,"Health & Medical Programme",,"01/2017","12/2017"
"Project_46","Adolescent Health - SRHR",,"Health & Medical Programme",,"01/2017","12/2017"
"Project_47","Milk and Nutrition",,"Health & Medical Programme",,"01/2017","12/2017"
"Project_48","ForOldy Project",,"Health & Medical Programme",,"01/2017","12/2017"
"Project_49","Project Management",,"Health & Medical Programme",,"01/2017","12/2017"
"Project_50","Happy Tailor",,"Community & Income Generation Programme",,"01/2017","12/2017"
"Project_51","Facilities Improvement",,"Community & Income Generation Programme",,"01/2017","12/2017"
"Project_52","Happy Bag",,"Community & Income Generation Programme",,"01/2017","12/2017"
"Project_53","Community assistance - Emergency",,"Community & Income Generation Programme",,"01/2017","12/2017"
"Project_54","Project Management",,"Community & Income Generation Programme",,"01/2017","12/2017"
"Project_55","Thailand Officer Operation",,"Project Management",,"01/2017","12/2017"
"Project_56","Support New office Myanmar",,"Project Management",,"01/2017","12/2017"
"Project_57","Staff Salary",,"Project Management",,"01/2017","12/2017"
